gene,beta_mean_nuts,beta_sd_nuts,psp_nuts,lfsr_nuts,n_obs,n_sgrna,n_sample,chains,draws,tune,eb_tau_beta_scale,eb_tau_u_scale,eb_sigma_logphi,eb_mu_logphi_batch
DAD1,2.340843223338711,0.15887618946644144,1.0,0.0,16,4,4,3,1000,1500,0.11494520954412007,0.4684258567770211,0.7084472251108588,1.556277820242557
TGFBR1,1.9121452874324198,0.16368269052432233,1.0,0.0,16,4,4,3,1000,1500,0.11494520954412007,0.4684258567770211,0.7084472251108588,1.556277820242557
SMARCB1,2.2452260510413122,0.16050378897117573,1.0,0.0,16,4,4,3,1000,1500,0.11494520954412007,0.4684258567770211,0.7084472251108588,1.556277820242557
TGFBR2,1.7082121161238966,0.1629291598023892,1.0,0.0,16,4,4,3,1000,1500,0.11494520954412007,0.4684258567770211,0.7084472251108588,1.556277820242557
SMAD3,1.7594292882886569,0.1617887233691866,1.0,0.0,16,4,4,3,1000,1500,0.11494520954412007,0.4684258567770211,0.7084472251108588,1.556277820242557
SMAD4,1.5583638565571325,0.1613527971561855,1.0,0.0,16,4,4,3,1000,1500,0.11494520954412007,0.4684258567770211,0.7084472251108588,1.556277820242557
USO1,1.3835443936733989,0.15859804272804476,1.0,0.0,16,4,4,3,1000,1500,0.11494520954412007,0.4684258567770211,0.7084472251108588,1.556277820242557
STAT5B,1.3031022811949187,0.15617632347075414,1.0,0.0,16,4,4,3,1000,1500,0.11494520954412007,0.4684258567770211,0.7084472251108588,1.556277820242557
RPN1,1.435897718722582,0.15626757913779646,1.0,0.0,16,4,4,3,1000,1500,0.11494520954412007,0.4684258567770211,0.7084472251108588,1.556277820242557
CD3D,1.2340878429870668,0.15820542294117038,1.0,0.0,16,4,4,3,1000,1500,0.11494520954412007,0.4684258567770211,0.7084472251108588,1.556277820242557
ARID1A,1.0459173013450087,0.15501890035114535,1.0,0.0,16,4,4,3,1000,1500,0.11494520954412007,0.4684258567770211,0.7084472251108588,1.556277820242557
HDAC3,-1.575085515757457,0.1543390321876542,0.0,0.0,16,4,4,3,1000,1500,0.11494520954412007,0.4684258567770211,0.7084472251108588,1.556277820242557
ALG2,1.1083707602617239,0.15874927493214083,1.0,0.0,16,4,4,3,1000,1500,0.11494520954412007,0.4684258567770211,0.7084472251108588,1.556277820242557
TAF6,0.9101953751328687,0.16458866461479535,1.0,0.0,16,4,4,3,1000,1500,0.11494520954412007,0.4684258567770211,0.7084472251108588,1.556277820242557
TMEM258,0.9921571695496663,0.15335232817496747,1.0,0.0,16,4,4,3,1000,1500,0.11494520954412007,0.4684258567770211,0.7084472251108588,1.556277820242557
MIDN,0.8984754767239278,0.15798588563882515,1.0,0.0,16,4,4,3,1000,1500,0.11494520954412007,0.4684258567770211,0.7084472251108588,1.556277820242557
MED11,0.7501444084012703,0.1611574973189059,1.0,0.0,16,4,4,3,1000,1500,0.11494520954412007,0.4684258567770211,0.7084472251108588,1.556277820242557
GMPPB,0.8540851593099179,0.1596083449342392,1.0,0.0,16,4,4,3,1000,1500,0.11494520954412007,0.4684258567770211,0.7084472251108588,1.556277820242557
RPN2,0.9027958690453919,0.15447930796021392,1.0,0.0,16,4,4,3,1000,1500,0.11494520954412007,0.4684258567770211,0.7084472251108588,1.556277820242557
MED30,1.0500537501762603,0.1563421004310468,1.0,0.0,16,4,4,3,1000,1500,0.11494520954412007,0.4684258567770211,0.7084472251108588,1.556277820242557
DHX36,0.8178963469491,0.1513701142009523,1.0,0.0,16,4,4,3,1000,1500,0.11494520954412007,0.4684258567770211,0.7084472251108588,1.556277820242557
LCP2,0.9610441352054798,0.157847901901551,1.0,0.0,16,4,4,3,1000,1500,0.11494520954412007,0.4684258567770211,0.7084472251108588,1.556277820242557
GFPT1,0.9151593501421489,0.15763103104998777,1.0,0.0,16,4,4,3,1000,1500,0.11494520954412007,0.4684258567770211,0.7084472251108588,1.556277820242557
RNF113A,0.626362033288795,0.15650100089127378,0.9996666666666667,0.0003333333333332966,16,4,4,3,1000,1500,0.11494520954412007,0.4684258567770211,0.7084472251108588,1.556277820242557
CBFB,0.7825134681799233,0.16137993124750397,1.0,0.0,16,4,4,3,1000,1500,0.11494520954412007,0.4684258567770211,0.7084472251108588,1.556277820242557
UHRF1,-1.2067247813111617,0.1530948979240818,0.0,0.0,16,4,4,3,1000,1500,0.11494520954412007,0.4684258567770211,0.7084472251108588,1.556277820242557
IRF4,-1.2426060315366674,0.1567626177374131,0.0,0.0,16,4,4,3,1000,1500,0.11494520954412007,0.4684258567770211,0.7084472251108588,1.556277820242557
TET2,0.6818041380081168,0.15958252020798783,1.0,0.0,16,4,4,3,1000,1500,0.11494520954412007,0.4684258567770211,0.7084472251108588,1.556277820242557
DPF2,0.84598964016272,0.159602182161649,1.0,0.0,16,4,4,3,1000,1500,0.11494520954412007,0.4684258567770211,0.7084472251108588,1.556277820242557
RBPJ,-1.4715816678884657,0.16714047464733375,0.0,0.0,16,4,4,3,1000,1500,0.11494520954412007,0.4684258567770211,0.7084472251108588,1.556277820242557
ZBTB7B,-1.3047679437537156,0.15193935990746707,0.0,0.0,16,4,4,3,1000,1500,0.11494520954412007,0.4684258567770211,0.7084472251108588,1.556277820242557
CD3E,0.816564475401366,0.15325624432967894,1.0,0.0,16,4,4,3,1000,1500,0.11494520954412007,0.4684258567770211,0.7084472251108588,1.556277820242557
PREB,0.8153881220653488,0.15856433780379078,1.0,0.0,16,4,4,3,1000,1500,0.11494520954412007,0.4684258567770211,0.7084472251108588,1.556277820242557
MEAF6,0.7289107726774874,0.15488623924718398,1.0,0.0,16,4,4,3,1000,1500,0.11494520954412007,0.4684258567770211,0.7084472251108588,1.556277820242557
TBL1XR1,-1.124214367144113,0.15253624812168645,0.0,0.0,16,4,4,3,1000,1500,0.11494520954412007,0.4684258567770211,0.7084472251108588,1.556277820242557
PGM3,0.8021692427879075,0.1562813332211577,1.0,0.0,16,4,4,3,1000,1500,0.11494520954412007,0.4684258567770211,0.7084472251108588,1.556277820242557
SMARCE1,0.9954668378889543,0.17394582969418804,1.0,0.0,16,4,4,3,1000,1500,0.11494520954412007,0.4684258567770211,0.7084472251108588,1.556277820242557
ETS1,-1.1375338987014763,0.164963201183399,0.0,0.0,16,4,4,3,1000,1500,0.11494520954412007,0.4684258567770211,0.7084472251108588,1.556277820242557
STAT5A,0.6936128964015723,0.15746656908398352,1.0,0.0,16,4,4,3,1000,1500,0.11494520954412007,0.4684258567770211,0.7084472251108588,1.556277820242557
EP300,0.6418091388805242,0.1664605071312657,1.0,0.0,16,4,4,3,1000,1500,0.11494520954412007,0.4684258567770211,0.7084472251108588,1.556277820242557
MED10,0.6506508443130451,0.15727261638878112,1.0,0.0,16,4,4,3,1000,1500,0.11494520954412007,0.4684258567770211,0.7084472251108588,1.556277820242557
ANKRD17,-1.075239716098802,0.15712593808173883,0.0,0.0,16,4,4,3,1000,1500,0.11494520954412007,0.4684258567770211,0.7084472251108588,1.556277820242557
TAF2,0.648743212372591,0.16070763259552076,1.0,0.0,16,4,4,3,1000,1500,0.11494520954412007,0.4684258567770211,0.7084472251108588,1.556277820242557
UXT,0.666651608317321,0.15605022624501244,1.0,0.0,16,4,4,3,1000,1500,0.11494520954412007,0.4684258567770211,0.7084472251108588,1.556277820242557
ARMC7,0.639998486873762,0.15595547737763357,1.0,0.0,16,4,4,3,1000,1500,0.11494520954412007,0.4684258567770211,0.7084472251108588,1.556277820242557
KMT2D,0.5757387681552194,0.148171693414861,1.0,0.0,16,4,4,3,1000,1500,0.11494520954412007,0.4684258567770211,0.7084472251108588,1.556277820242557
TAF12,0.5243997650590666,0.15758424402925458,1.0,0.0,16,4,4,3,1000,1500,0.11494520954412007,0.4684258567770211,0.7084472251108588,1.556277820242557
CDC37,0.641822014900755,0.15784012663263366,1.0,0.0,16,4,4,3,1000,1500,0.11494520954412007,0.4684258567770211,0.7084472251108588,1.556277820242557
NCBP1,0.529017164339989,0.1506356104037016,0.9996666666666667,0.0003333333333332966,16,4,4,3,1000,1500,0.11494520954412007,0.4684258567770211,0.7084472251108588,1.556277820242557
ALG1,0.5694690067494824,0.1575840517132045,0.9996666666666667,0.0003333333333332966,16,4,4,3,1000,1500,0.11494520954412007,0.4684258567770211,0.7084472251108588,1.556277820242557
NAB2,0.5652598273769057,0.15534192250192186,0.9996666666666667,0.0003333333333332966,16,4,4,3,1000,1500,0.11494520954412007,0.4684258567770211,0.7084472251108588,1.556277820242557
GTF2A2,0.5856534975393143,0.16563069810383305,0.9996666666666667,0.0003333333333332966,16,4,4,3,1000,1500,0.11494520954412007,0.4684258567770211,0.7084472251108588,1.556277820242557
EIF3B,0.44619076613913616,0.1597793536213092,0.998,0.0020000000000000018,16,4,4,3,1000,1500,0.11494520954412007,0.4684258567770211,0.7084472251108588,1.556277820242557
RPRD1B,0.4650434252266923,0.15863170000783614,0.9983333333333333,0.0016666666666667052,16,4,4,3,1000,1500,0.11494520954412007,0.4684258567770211,0.7084472251108588,1.556277820242557
KAT7,0.5227052036452629,0.15886753918595345,1.0,0.0,16,4,4,3,1000,1500,0.11494520954412007,0.4684258567770211,0.7084472251108588,1.556277820242557
DUSP4,0.49475408194876425,0.15743020956566947,0.9993333333333333,0.0006666666666667043,16,4,4,3,1000,1500,0.11494520954412007,0.4684258567770211,0.7084472251108588,1.556277820242557
TLE3,-1.1377452648191622,0.15399530194772282,0.0,0.0,16,4,4,3,1000,1500,0.11494520954412007,0.4684258567770211,0.7084472251108588,1.556277820242557
NCOR2,-1.2207964533578706,0.16270418897765834,0.0,0.0,16,4,4,3,1000,1500,0.11494520954412007,0.4684258567770211,0.7084472251108588,1.556277820242557
SEC16A,0.5227458438583426,0.15853446232535773,0.9996666666666667,0.0003333333333332966,16,4,4,3,1000,1500,0.11494520954412007,0.4684258567770211,0.7084472251108588,1.556277820242557
RNF40,0.5172331411868056,0.15471489426773524,0.9996666666666667,0.0003333333333332966,16,4,4,3,1000,1500,0.11494520954412007,0.4684258567770211,0.7084472251108588,1.556277820242557
GPS2,-1.0755628851523122,0.15487647768519308,0.0,0.0,16,4,4,3,1000,1500,0.11494520954412007,0.4684258567770211,0.7084472251108588,1.556277820242557
CYLD,0.4883705471048494,0.1582606721620923,0.999,0.0010000000000000009,16,4,4,3,1000,1500,0.11494520954412007,0.4684258567770211,0.7084472251108588,1.556277820242557
IKZF3,0.43200972852054503,0.1585816199889053,0.9966666666666667,0.0033333333333332993,16,4,4,3,1000,1500,0.11494520954412007,0.4684258567770211,0.7084472251108588,1.556277820242557
ALG11,0.48253600688368836,0.16021732647344708,0.999,0.0010000000000000009,16,4,4,3,1000,1500,0.11494520954412007,0.4684258567770211,0.7084472251108588,1.556277820242557
ZC3H12A,-0.9992117060372488,0.15416557702513561,0.0,0.0,16,4,4,3,1000,1500,0.11494520954412007,0.4684258567770211,0.7084472251108588,1.556277820242557
HIRA,-1.0849484585065972,0.15723741724746831,0.0,0.0,16,4,4,3,1000,1500,0.11494520954412007,0.4684258567770211,0.7084472251108588,1.556277820242557
CREBBP,-0.9776705972179784,0.15587586650936816,0.0,0.0,16,4,4,3,1000,1500,0.11494520954412007,0.4684258567770211,0.7084472251108588,1.556277820242557
MTF1,-0.988372282497772,0.1564414230173772,0.0,0.0,16,4,4,3,1000,1500,0.11494520954412007,0.4684258567770211,0.7084472251108588,1.556277820242557
TRAPPC4,0.4181556356612221,0.14893811745773464,0.9976666666666667,0.0023333333333332984,16,4,4,3,1000,1500,0.11494520954412007,0.4684258567770211,0.7084472251108588,1.556277820242557
PFN1,-0.9480727210082285,0.15558891248009393,0.0,0.0,16,4,4,3,1000,1500,0.11494520954412007,0.4684258567770211,0.7084472251108588,1.556277820242557
BRK1,-0.9252391376735406,0.15492034287873085,0.0,0.0,16,4,4,3,1000,1500,0.11494520954412007,0.4684258567770211,0.7084472251108588,1.556277820242557
CDK12,0.47026481413216775,0.15751063728822598,0.9986666666666667,0.0013333333333332975,16,4,4,3,1000,1500,0.11494520954412007,0.4684258567770211,0.7084472251108588,1.556277820242557
RFWD2,0.46212547384696,0.15469119659697525,0.9996666666666667,0.0003333333333332966,16,4,4,3,1000,1500,0.11494520954412007,0.4684258567770211,0.7084472251108588,1.556277820242557
CTDNEP1,0.3871384072615074,0.1542722774632202,0.9953333333333333,0.004666666666666708,16,4,4,3,1000,1500,0.11494520954412007,0.4684258567770211,0.7084472251108588,1.556277820242557
EED,-0.9467102878895557,0.1527713669189679,0.0,0.0,16,4,4,3,1000,1500,0.11494520954412007,0.4684258567770211,0.7084472251108588,1.556277820242557
PHIP,0.4390011254660311,0.15390195400560483,0.997,0.0030000000000000027,16,4,4,3,1000,1500,0.11494520954412007,0.4684258567770211,0.7084472251108588,1.556277820242557
BCL11B,0.4758661864524116,0.15891762823593272,0.9983333333333333,0.0016666666666667052,16,4,4,3,1000,1500,0.11494520954412007,0.4684258567770211,0.7084472251108588,1.556277820242557
TRAF2,0.4695769619456584,0.15561665538017241,0.9983333333333333,0.0016666666666667052,16,4,4,3,1000,1500,0.11494520954412007,0.4684258567770211,0.7084472251108588,1.556277820242557
GANAB,0.4757017563021055,0.16509251150206605,0.9966666666666667,0.0033333333333332993,16,4,4,3,1000,1500,0.11494520954412007,0.4684258567770211,0.7084472251108588,1.556277820242557
TAF5,0.38588100432873446,0.15737259341001153,0.993,0.007000000000000006,16,4,4,3,1000,1500,0.11494520954412007,0.4684258567770211,0.7084472251108588,1.556277820242557
MED31,0.5097186529247527,0.15415998470296885,1.0,0.0,16,4,4,3,1000,1500,0.11494520954412007,0.4684258567770211,0.7084472251108588,1.556277820242557
AIP,-0.9276175176660724,0.15351575046681112,0.0,0.0,16,4,4,3,1000,1500,0.11494520954412007,0.4684258567770211,0.7084472251108588,1.556277820242557
NCOR1,-0.9163754480743499,0.155920638823022,0.0,0.0,16,4,4,3,1000,1500,0.11494520954412007,0.4684258567770211,0.7084472251108588,1.556277820242557
CD28,0.3113509229010473,0.16025689880772329,0.9723333333333334,0.027666666666666617,16,4,4,3,1000,1500,0.11494520954412007,0.4684258567770211,0.7084472251108588,1.556277820242557
C16orf72,-0.8596466597937489,0.1551369782539892,0.0,0.0,16,4,4,3,1000,1500,0.11494520954412007,0.4684258567770211,0.7084472251108588,1.556277820242557
STK11,-0.956986989604941,0.1555999573880321,0.0,0.0,16,4,4,3,1000,1500,0.11494520954412007,0.4684258567770211,0.7084472251108588,1.556277820242557
CUL3,-0.8915072594081019,0.15425282971771753,0.0,0.0,16,4,4,3,1000,1500,0.11494520954412007,0.4684258567770211,0.7084472251108588,1.556277820242557
TDG,0.3436858209438733,0.15878411807462936,0.983,0.017000000000000015,16,4,4,3,1000,1500,0.11494520954412007,0.4684258567770211,0.7084472251108588,1.556277820242557
FOXP1,0.44037059939948314,0.15869354379658449,0.998,0.0020000000000000018,16,4,4,3,1000,1500,0.11494520954412007,0.4684258567770211,0.7084472251108588,1.556277820242557
TANGO6,0.4032222077239836,0.1501825205184022,0.996,0.0040000000000000036,16,4,4,3,1000,1500,0.11494520954412007,0.4684258567770211,0.7084472251108588,1.556277820242557
PPRC1,0.33819933944381847,0.15423184952479294,0.987,0.013000000000000012,16,4,4,3,1000,1500,0.11494520954412007,0.4684258567770211,0.7084472251108588,1.556277820242557
DCAF7,0.3677653773256663,0.15816238594727283,0.9906666666666667,0.009333333333333305,16,4,4,3,1000,1500,0.11494520954412007,0.4684258567770211,0.7084472251108588,1.556277820242557
SAP18,0.35909876370632576,0.1587556436447796,0.988,0.01200000000000001,16,4,4,3,1000,1500,0.11494520954412007,0.4684258567770211,0.7084472251108588,1.556277820242557
SPOP,-0.8483911209883656,0.1597483671900833,0.0,0.0,16,4,4,3,1000,1500,0.11494520954412007,0.4684258567770211,0.7084472251108588,1.556277820242557
SMARCC1,0.5314601368487646,0.15535668077969939,1.0,0.0,16,4,4,3,1000,1500,0.11494520954412007,0.4684258567770211,0.7084472251108588,1.556277820242557
ITPKB,-0.8839845656707443,0.15183010978002395,0.0,0.0,16,4,4,3,1000,1500,0.11494520954412007,0.4684258567770211,0.7084472251108588,1.556277820242557
SLC39A7,0.42962895611185076,0.14842899616060165,0.9986666666666667,0.0013333333333332975,16,4,4,3,1000,1500,0.11494520954412007,0.4684258567770211,0.7084472251108588,1.556277820242557
IARS2,0.31112760736826384,0.15433940150666442,0.9796666666666667,0.020333333333333314,16,4,4,3,1000,1500,0.11494520954412007,0.4684258567770211,0.7084472251108588,1.556277820242557
SHOC2,-0.8251554518454961,0.16054146669157135,0.0,0.0,16,4,4,3,1000,1500,0.11494520954412007,0.4684258567770211,0.7084472251108588,1.556277820242557
SERF2,0.413183647409044,0.15310608057666578,0.997,0.0030000000000000027,16,4,4,3,1000,1500,0.11494520954412007,0.4684258567770211,0.7084472251108588,1.556277820242557
CCNC,-0.9906680001672795,0.15770765223075234,0.0,0.0,16,4,4,3,1000,1500,0.11494520954412007,0.4684258567770211,0.7084472251108588,1.556277820242557
TNRC18,-0.841272331484779,0.15676477127811836,0.0,0.0,16,4,4,3,1000,1500,0.11494520954412007,0.4684258567770211,0.7084472251108588,1.556277820242557
CSNK2A1,0.2996520627740743,0.15747490386900695,0.971,0.029000000000000026,16,4,4,3,1000,1500,0.11494520954412007,0.4684258567770211,0.7084472251108588,1.556277820242557
BAZ1B,-0.8736792056217936,0.15174977899385358,0.0,0.0,16,4,4,3,1000,1500,0.11494520954412007,0.4684258567770211,0.7084472251108588,1.556277820242557
POLR2I,0.3370181878865855,0.16156116310591698,0.98,0.020000000000000018,16,4,4,3,1000,1500,0.11494520954412007,0.4684258567770211,0.7084472251108588,1.556277820242557
PPP4C,0.32967291380896724,0.1539253414566401,0.9846666666666667,0.01533333333333331,16,4,4,3,1000,1500,0.11494520954412007,0.4684258567770211,0.7084472251108588,1.556277820242557
BRPF1,0.28369971520560133,0.151381495554442,0.9743333333333334,0.025666666666666615,16,4,4,3,1000,1500,0.11494520954412007,0.4684258567770211,0.7084472251108588,1.556277820242557
PRKAR1A,-0.8264396769381648,0.156465536901744,0.0,0.0,16,4,4,3,1000,1500,0.11494520954412007,0.4684258567770211,0.7084472251108588,1.556277820242557
TMEM30A,-0.8926893509685665,0.1550052435609428,0.0,0.0,16,4,4,3,1000,1500,0.11494520954412007,0.4684258567770211,0.7084472251108588,1.556277820242557
DPAGT1,0.33105209244636186,0.15301875036435988,0.9816666666666667,0.018333333333333313,16,4,4,3,1000,1500,0.11494520954412007,0.4684258567770211,0.7084472251108588,1.556277820242557
SLC39A10,0.2897847611798933,0.15774449309874528,0.9703333333333334,0.02966666666666662,16,4,4,3,1000,1500,0.11494520954412007,0.4684258567770211,0.7084472251108588,1.556277820242557
NOSIP,0.2855297338792308,0.15158393674481235,0.969,0.031000000000000028,16,4,4,3,1000,1500,0.11494520954412007,0.4684258567770211,0.7084472251108588,1.556277820242557
PFDN2,0.36899558083786443,0.1596767915555133,0.991,0.009000000000000008,16,4,4,3,1000,1500,0.11494520954412007,0.4684258567770211,0.7084472251108588,1.556277820242557
GRB2,-0.8464084035195705,0.1580763479387734,0.0,0.0,16,4,4,3,1000,1500,0.11494520954412007,0.4684258567770211,0.7084472251108588,1.556277820242557
NAA15,0.3383709553229481,0.1558173877101388,0.9863333333333333,0.013666666666666716,16,4,4,3,1000,1500,0.11494520954412007,0.4684258567770211,0.7084472251108588,1.556277820242557
SUV420H1,0.32188482425487414,0.155633007133687,0.9793333333333333,0.020666666666666722,16,4,4,3,1000,1500,0.11494520954412007,0.4684258567770211,0.7084472251108588,1.556277820242557
APH1A,0.2647084136478241,0.15093530965451102,0.9636666666666667,0.03633333333333333,16,4,4,3,1000,1500,0.11494520954412007,0.4684258567770211,0.7084472251108588,1.556277820242557
KIDINS220,0.31611773740593646,0.1531318351164069,0.978,0.02200000000000002,16,4,4,3,1000,1500,0.11494520954412007,0.4684258567770211,0.7084472251108588,1.556277820242557
NMT1,-0.8391658828276983,0.1554845571178707,0.0,0.0,16,4,4,3,1000,1500,0.11494520954412007,0.4684258567770211,0.7084472251108588,1.556277820242557
TRIM28,0.364873643684808,0.15408658506626913,0.9896666666666667,0.010333333333333306,16,4,4,3,1000,1500,0.11494520954412007,0.4684258567770211,0.7084472251108588,1.556277820242557
EIF3I,0.25292650173076964,0.16197388966658713,0.9446666666666667,0.055333333333333345,16,4,4,3,1000,1500,0.11494520954412007,0.4684258567770211,0.7084472251108588,1.556277820242557
URI1,0.33325271199284207,0.1558996158290641,0.982,0.018000000000000016,16,4,4,3,1000,1500,0.11494520954412007,0.4684258567770211,0.7084472251108588,1.556277820242557
DOHH,0.2061783268911153,0.1526420146508645,0.9113333333333333,0.08866666666666667,16,4,4,3,1000,1500,0.11494520954412007,0.4684258567770211,0.7084472251108588,1.556277820242557
DOCK8,-0.7516775962356399,0.15606467619582248,0.0003333333333333333,0.0003333333333333333,16,4,4,3,1000,1500,0.11494520954412007,0.4684258567770211,0.7084472251108588,1.556277820242557
MED12,0.2447379306792357,0.15275325907224838,0.947,0.05300000000000005,16,4,4,3,1000,1500,0.11494520954412007,0.4684258567770211,0.7084472251108588,1.556277820242557
VPS72,0.256101033206718,0.1599759282268571,0.9433333333333334,0.05666666666666664,16,4,4,3,1000,1500,0.11494520954412007,0.4684258567770211,0.7084472251108588,1.556277820242557
DSCC1,-0.8507788206795507,0.1542005578693645,0.0,0.0,16,4,4,3,1000,1500,0.11494520954412007,0.4684258567770211,0.7084472251108588,1.556277820242557
TSR3,-0.7858616689333848,0.15505473939816755,0.0,0.0,16,4,4,3,1000,1500,0.11494520954412007,0.4684258567770211,0.7084472251108588,1.556277820242557
DNTTIP1,0.33191380295693645,0.15596601680083833,0.985,0.015000000000000013,16,4,4,3,1000,1500,0.11494520954412007,0.4684258567770211,0.7084472251108588,1.556277820242557
TIAL1,0.23144341650794745,0.15929109157284485,0.9253333333333333,0.07466666666666666,16,4,4,3,1000,1500,0.11494520954412007,0.4684258567770211,0.7084472251108588,1.556277820242557
TRAF3,0.48229820928695616,0.1612775126185851,0.9976666666666667,0.0023333333333332984,16,4,4,3,1000,1500,0.11494520954412007,0.4684258567770211,0.7084472251108588,1.556277820242557
TAF6L,0.34534217287845337,0.1617252858687935,0.9826666666666667,0.01733333333333331,16,4,4,3,1000,1500,0.11494520954412007,0.4684258567770211,0.7084472251108588,1.556277820242557
SIN3A,0.29721133230030483,0.15393686919071078,0.9743333333333334,0.025666666666666615,16,4,4,3,1000,1500,0.11494520954412007,0.4684258567770211,0.7084472251108588,1.556277820242557
ARIH1,-0.7815240247216977,0.15472629081438666,0.0,0.0,16,4,4,3,1000,1500,0.11494520954412007,0.4684258567770211,0.7084472251108588,1.556277820242557
NCOA3,0.30329818238086503,0.15471906314026226,0.974,0.026000000000000023,16,4,4,3,1000,1500,0.11494520954412007,0.4684258567770211,0.7084472251108588,1.556277820242557
RPAP2,0.28994886039529716,0.15451454576732304,0.9686666666666667,0.031333333333333324,16,4,4,3,1000,1500,0.11494520954412007,0.4684258567770211,0.7084472251108588,1.556277820242557
SRSF5,-0.7856740689608828,0.1589431677460522,0.0,0.0,16,4,4,3,1000,1500,0.11494520954412007,0.4684258567770211,0.7084472251108588,1.556277820242557
PABPC1,0.28488009807595316,0.15758640971988558,0.9663333333333334,0.03366666666666662,16,4,4,3,1000,1500,0.11494520954412007,0.4684258567770211,0.7084472251108588,1.556277820242557
EIF3D,0.3046940784993759,0.15820863537289992,0.9766666666666667,0.023333333333333317,16,4,4,3,1000,1500,0.11494520954412007,0.4684258567770211,0.7084472251108588,1.556277820242557
FBXO42,-0.8182019752376257,0.15353928611064516,0.0,0.0,16,4,4,3,1000,1500,0.11494520954412007,0.4684258567770211,0.7084472251108588,1.556277820242557
SMARCD2,0.3741396602073725,0.15626184964555162,0.99,0.010000000000000009,16,4,4,3,1000,1500,0.11494520954412007,0.4684258567770211,0.7084472251108588,1.556277820242557
RNF7,0.3582490916663517,0.15654656037987585,0.9913333333333333,0.008666666666666711,16,4,4,3,1000,1500,0.11494520954412007,0.4684258567770211,0.7084472251108588,1.556277820242557
ZNF384,-0.8000033466976921,0.14949434402462242,0.0,0.0,16,4,4,3,1000,1500,0.11494520954412007,0.4684258567770211,0.7084472251108588,1.556277820242557
WAS,0.22643092462234218,0.1530226033101979,0.9306666666666666,0.06933333333333336,16,4,4,3,1000,1500,0.11494520954412007,0.4684258567770211,0.7084472251108588,1.556277820242557
SIAH2,0.26228610668619534,0.15408885701995167,0.9566666666666667,0.043333333333333335,16,4,4,3,1000,1500,0.11494520954412007,0.4684258567770211,0.7084472251108588,1.556277820242557
MGEA5,-0.7556859499100504,0.15062047639680437,0.0,0.0,16,4,4,3,1000,1500,0.11494520954412007,0.4684258567770211,0.7084472251108588,1.556277820242557
XPR1,0.34729045892833166,0.1532333162705417,0.9903333333333333,0.009666666666666712,16,4,4,3,1000,1500,0.11494520954412007,0.4684258567770211,0.7084472251108588,1.556277820242557
POLR2F,0.29046906076084406,0.15291188932108513,0.9723333333333334,0.027666666666666617,16,4,4,3,1000,1500,0.11494520954412007,0.4684258567770211,0.7084472251108588,1.556277820242557
DIS3,0.2915872167391882,0.15965414389365581,0.9676666666666667,0.032333333333333325,16,4,4,3,1000,1500,0.11494520954412007,0.4684258567770211,0.7084472251108588,1.556277820242557
SYMPK,0.35608573159713003,0.16018076274917034,0.9863333333333333,0.013666666666666716,16,4,4,3,1000,1500,0.11494520954412007,0.4684258567770211,0.7084472251108588,1.556277820242557
CIAO1,-0.742368546792028,0.1555906640114427,0.0,0.0,16,4,4,3,1000,1500,0.11494520954412007,0.4684258567770211,0.7084472251108588,1.556277820242557
PAXBP1,0.17213683026376328,0.1566367470875486,0.86,0.14,16,4,4,3,1000,1500,0.11494520954412007,0.4684258567770211,0.7084472251108588,1.556277820242557
CHTF18,-0.7474000934052523,0.15536658217334873,0.0,0.0,16,4,4,3,1000,1500,0.11494520954412007,0.4684258567770211,0.7084472251108588,1.556277820242557
YBX1,-0.8387748096665438,0.156916391666248,0.0,0.0,16,4,4,3,1000,1500,0.11494520954412007,0.4684258567770211,0.7084472251108588,1.556277820242557
RFT1,0.15417727262799139,0.1510432252238636,0.846,0.15400000000000003,16,4,4,3,1000,1500,0.11494520954412007,0.4684258567770211,0.7084472251108588,1.556277820242557
TARDBP,-0.7884486441108787,0.15248164012190132,0.0,0.0,16,4,4,3,1000,1500,0.11494520954412007,0.4684258567770211,0.7084472251108588,1.556277820242557
SYVN1,0.1569891912482636,0.15345726937645446,0.843,0.15700000000000003,16,4,4,3,1000,1500,0.11494520954412007,0.4684258567770211,0.7084472251108588,1.556277820242557
PCGF1,0.37146330958387896,0.15367874730334302,0.991,0.009000000000000008,16,4,4,3,1000,1500,0.11494520954412007,0.4684258567770211,0.7084472251108588,1.556277820242557
NMNAT1,0.24913857187936628,0.14892577422142042,0.9546666666666667,0.04533333333333334,16,4,4,3,1000,1500,0.11494520954412007,0.4684258567770211,0.7084472251108588,1.556277820242557
MMS19,-0.663096097151467,0.15623565244630888,0.0,0.0,16,4,4,3,1000,1500,0.11494520954412007,0.4684258567770211,0.7084472251108588,1.556277820242557
CHD1,-0.730306451624127,0.15364040701991977,0.0,0.0,16,4,4,3,1000,1500,0.11494520954412007,0.4684258567770211,0.7084472251108588,1.556277820242557
FOXP3,1.787466678477451,0.05991302383204522,1.0,0.0,200,50,4,3,1000,1500,0.11494520954412007,0.4684258567770211,0.7084472251108588,1.556277820242557
PSENEN,0.30871930015624693,0.15642069541081666,0.9736666666666667,0.02633333333333332,16,4,4,3,1000,1500,0.11494520954412007,0.4684258567770211,0.7084472251108588,1.556277820242557
F8A1,-0.7795612564738797,0.15728060413442221,0.0,0.0,16,4,4,3,1000,1500,0.11494520954412007,0.4684258567770211,0.7084472251108588,1.556277820242557
FANCD2,-0.7452526477619797,0.16234404844459904,0.0,0.0,16,4,4,3,1000,1500,0.11494520954412007,0.4684258567770211,0.7084472251108588,1.556277820242557
UBE2T,-0.6792261150876637,0.15380854653037726,0.0,0.0,16,4,4,3,1000,1500,0.11494520954412007,0.4684258567770211,0.7084472251108588,1.556277820242557
EIF5A,0.1710689125664157,0.15283188418456398,0.8693333333333333,0.1306666666666667,16,4,4,3,1000,1500,0.11494520954412007,0.4684258567770211,0.7084472251108588,1.556277820242557
HNRNPU,0.40246885629751233,0.15946126176071382,0.9953333333333333,0.004666666666666708,16,4,4,3,1000,1500,0.11494520954412007,0.4684258567770211,0.7084472251108588,1.556277820242557
GATA3,0.19411453935705772,0.15803090292586008,0.8916666666666667,0.10833333333333328,16,4,4,3,1000,1500,0.11494520954412007,0.4684258567770211,0.7084472251108588,1.556277820242557
PCID2,0.19039669795681913,0.1598414600091813,0.88,0.12,16,4,4,3,1000,1500,0.11494520954412007,0.4684258567770211,0.7084472251108588,1.556277820242557
PCGF5,0.19761649352538965,0.1522702127548317,0.906,0.09399999999999997,16,4,4,3,1000,1500,0.11494520954412007,0.4684258567770211,0.7084472251108588,1.556277820242557
DHDDS,0.15243097742790285,0.15606106255557792,0.8443333333333334,0.15566666666666662,16,4,4,3,1000,1500,0.11494520954412007,0.4684258567770211,0.7084472251108588,1.556277820242557
IPO8,0.30277126795771875,0.14994307097522566,0.9796666666666667,0.020333333333333314,16,4,4,3,1000,1500,0.11494520954412007,0.4684258567770211,0.7084472251108588,1.556277820242557
RPRD2,0.17596303753092213,0.15205007806615517,0.877,0.123,16,4,4,3,1000,1500,0.11494520954412007,0.4684258567770211,0.7084472251108588,1.556277820242557
POLR2C,0.13411767214736417,0.15348033922210821,0.8083333333333333,0.19166666666666665,16,4,4,3,1000,1500,0.11494520954412007,0.4684258567770211,0.7084472251108588,1.556277820242557
PHF6,0.18758552421344923,0.1516160256617953,0.8913333333333333,0.10866666666666669,16,4,4,3,1000,1500,0.11494520954412007,0.4684258567770211,0.7084472251108588,1.556277820242557
MCRS1,0.22573027477539473,0.160563809849007,0.921,0.07899999999999996,16,4,4,3,1000,1500,0.11494520954412007,0.4684258567770211,0.7084472251108588,1.556277820242557
UBE2N,-0.7286791083172035,0.1572321163620621,0.0,0.0,16,4,4,3,1000,1500,0.11494520954412007,0.4684258567770211,0.7084472251108588,1.556277820242557
AMD1,-0.7243896251808652,0.15285512829780928,0.0,0.0,16,4,4,3,1000,1500,0.11494520954412007,0.4684258567770211,0.7084472251108588,1.556277820242557
LSM10,-0.6637620742853981,0.15746249550197378,0.0,0.0,16,4,4,3,1000,1500,0.11494520954412007,0.4684258567770211,0.7084472251108588,1.556277820242557
DCUN1D5,0.1684320279062443,0.15350326658614363,0.8666666666666667,0.1333333333333333,16,4,4,3,1000,1500,0.11494520954412007,0.4684258567770211,0.7084472251108588,1.556277820242557
CTBP1,0.15474087887083285,0.15308731908443832,0.844,0.15600000000000003,16,4,4,3,1000,1500,0.11494520954412007,0.4684258567770211,0.7084472251108588,1.556277820242557
CARM1,-0.6537324975144735,0.15321122867913542,0.0003333333333333333,0.0003333333333333333,16,4,4,3,1000,1500,0.11494520954412007,0.4684258567770211,0.7084472251108588,1.556277820242557
GTF2F2,0.14208630431375327,0.15878795694397568,0.8106666666666666,0.18933333333333335,16,4,4,3,1000,1500,0.11494520954412007,0.4684258567770211,0.7084472251108588,1.556277820242557
MED14,0.23887870067659428,0.15672942505481227,0.9373333333333334,0.06266666666666665,16,4,4,3,1000,1500,0.11494520954412007,0.4684258567770211,0.7084472251108588,1.556277820242557
METTL3,0.17636874806891528,0.15361576774412464,0.8753333333333333,0.1246666666666667,16,4,4,3,1000,1500,0.11494520954412007,0.4684258567770211,0.7084472251108588,1.556277820242557
PPP3CA,0.25491536259470793,0.1627112810356943,0.9403333333333334,0.059666666666666646,16,4,4,3,1000,1500,0.11494520954412007,0.4684258567770211,0.7084472251108588,1.556277820242557
STT3B,0.16876513748167293,0.15469242390680693,0.861,0.139,16,4,4,3,1000,1500,0.11494520954412007,0.4684258567770211,0.7084472251108588,1.556277820242557
PIK3R1,0.15864217397204503,0.15238464141732003,0.8543333333333333,0.14566666666666672,16,4,4,3,1000,1500,0.11494520954412007,0.4684258567770211,0.7084472251108588,1.556277820242557
HNRNPM,0.28088740302747944,0.15249902045047348,0.967,0.03300000000000003,16,4,4,3,1000,1500,0.11494520954412007,0.4684258567770211,0.7084472251108588,1.556277820242557
EXOC1,0.2164680707617905,0.15719825879241833,0.9183333333333333,0.08166666666666667,16,4,4,3,1000,1500,0.11494520954412007,0.4684258567770211,0.7084472251108588,1.556277820242557
MBD2,-0.7822311061321796,0.15830729605861757,0.0,0.0,16,4,4,3,1000,1500,0.11494520954412007,0.4684258567770211,0.7084472251108588,1.556277820242557
DDX6,-0.7549964835238,0.15425346159696204,0.0,0.0,16,4,4,3,1000,1500,0.11494520954412007,0.4684258567770211,0.7084472251108588,1.556277820242557
POGZ,0.12050547596559628,0.14770750329417598,0.8003333333333333,0.19966666666666666,16,4,4,3,1000,1500,0.11494520954412007,0.4684258567770211,0.7084472251108588,1.556277820242557
CRTC2,0.11813187724759452,0.15360162488101234,0.7706666666666667,0.22933333333333328,16,4,4,3,1000,1500,0.11494520954412007,0.4684258567770211,0.7084472251108588,1.556277820242557
HYPK,0.18870774264171428,0.15834827445461755,0.8886666666666667,0.11133333333333328,16,4,4,3,1000,1500,0.11494520954412007,0.4684258567770211,0.7084472251108588,1.556277820242557
CRLS1,0.10126921130414494,0.15406441143491445,0.7316666666666667,0.2683333333333333,16,4,4,3,1000,1500,0.11494520954412007,0.4684258567770211,0.7084472251108588,1.556277820242557
UBXN7,0.16450754700407133,0.1566491320031782,0.8533333333333334,0.1466666666666666,16,4,4,3,1000,1500,0.11494520954412007,0.4684258567770211,0.7084472251108588,1.556277820242557
ORAI1,0.17084910515317886,0.15395801323842004,0.8636666666666667,0.1363333333333333,16,4,4,3,1000,1500,0.11494520954412007,0.4684258567770211,0.7084472251108588,1.556277820242557
ELMSAN1,0.22514765186097754,0.15429713309449783,0.93,0.06999999999999995,16,4,4,3,1000,1500,0.11494520954412007,0.4684258567770211,0.7084472251108588,1.556277820242557
H3F3B,-0.6394670863618979,0.15667860483145024,0.0,0.0,16,4,4,3,1000,1500,0.11494520954412007,0.4684258567770211,0.7084472251108588,1.556277820242557
PSMC2,0.0772063301606172,0.1607964075914279,0.6913333333333334,0.30866666666666664,16,4,4,3,1000,1500,0.11494520954412007,0.4684258567770211,0.7084472251108588,1.556277820242557
CBLB,-0.6395819404379608,0.15293155194525726,0.0,0.0,16,4,4,3,1000,1500,0.11494520954412007,0.4684258567770211,0.7084472251108588,1.556277820242557
RICTOR,0.12463282935846068,0.15179131346783664,0.8,0.19999999999999996,16,4,4,3,1000,1500,0.11494520954412007,0.4684258567770211,0.7084472251108588,1.556277820242557
PTPN2,0.17508055292498254,0.1558473158136705,0.8673333333333333,0.1326666666666667,16,4,4,3,1000,1500,0.11494520954412007,0.4684258567770211,0.7084472251108588,1.556277820242557
RNF20,0.10738438588631063,0.15052019330455232,0.7606666666666667,0.2393333333333333,16,4,4,3,1000,1500,0.11494520954412007,0.4684258567770211,0.7084472251108588,1.556277820242557
LRRC71,-0.6346332495244242,0.15850024204888533,0.0,0.0,16,4,4,3,1000,1500,0.11494520954412007,0.4684258567770211,0.7084472251108588,1.556277820242557
EXOSC10,0.1593712964916565,0.15798241857136713,0.845,0.15500000000000003,16,4,4,3,1000,1500,0.11494520954412007,0.4684258567770211,0.7084472251108588,1.556277820242557
ZNF436,-0.5802532817355429,0.14908702864586365,0.0,0.0,16,4,4,3,1000,1500,0.11494520954412007,0.4684258567770211,0.7084472251108588,1.556277820242557
C1orf131,0.0732975305021727,0.1542972704375995,0.6823333333333333,0.31766666666666665,16,4,4,3,1000,1500,0.11494520954412007,0.4684258567770211,0.7084472251108588,1.556277820242557
GFER,0.11560507883602376,0.15211823100004457,0.783,0.21699999999999997,16,4,4,3,1000,1500,0.11494520954412007,0.4684258567770211,0.7084472251108588,1.556277820242557
NELFCD,0.11853105257968044,0.15413085235322221,0.7783333333333333,0.22166666666666668,16,4,4,3,1000,1500,0.11494520954412007,0.4684258567770211,0.7084472251108588,1.556277820242557
TMEM203,0.13760111402810618,0.15504543281915967,0.815,0.18500000000000005,16,4,4,3,1000,1500,0.11494520954412007,0.4684258567770211,0.7084472251108588,1.556277820242557
CSNK2B,0.18326519672007505,0.15237636429735993,0.8843333333333333,0.1156666666666667,16,4,4,3,1000,1500,0.11494520954412007,0.4684258567770211,0.7084472251108588,1.556277820242557
CDS2,0.1380356504271774,0.15977897924527912,0.804,0.19599999999999995,16,4,4,3,1000,1500,0.11494520954412007,0.4684258567770211,0.7084472251108588,1.556277820242557
USP53,-0.6042861049065299,0.1550763204758348,0.0,0.0,16,4,4,3,1000,1500,0.11494520954412007,0.4684258567770211,0.7084472251108588,1.556277820242557
ZMYND8,-0.7624201812397379,0.1626681592175962,0.0,0.0,16,4,4,3,1000,1500,0.11494520954412007,0.4684258567770211,0.7084472251108588,1.556277820242557
MGAT1,0.09615436205456532,0.1559561022105004,0.735,0.265,16,4,4,3,1000,1500,0.11494520954412007,0.4684258567770211,0.7084472251108588,1.556277820242557
GTF2B,0.12955988412513783,0.15753455103152525,0.7846666666666666,0.21533333333333338,16,4,4,3,1000,1500,0.11494520954412007,0.4684258567770211,0.7084472251108588,1.556277820242557
SMAD2,-0.6636403392417869,0.15104143259284186,0.0,0.0,16,4,4,3,1000,1500,0.11494520954412007,0.4684258567770211,0.7084472251108588,1.556277820242557
ECT2,-0.7019290655237659,0.15318212142039905,0.0,0.0,16,4,4,3,1000,1500,0.11494520954412007,0.4684258567770211,0.7084472251108588,1.556277820242557
SBNO2,0.07092887846859457,0.1559038437515492,0.6776666666666666,0.32233333333333336,16,4,4,3,1000,1500,0.11494520954412007,0.4684258567770211,0.7084472251108588,1.556277820242557
ZNF148,-0.6278630327837194,0.1494139664350607,0.0,0.0,16,4,4,3,1000,1500,0.11494520954412007,0.4684258567770211,0.7084472251108588,1.556277820242557
DDX20,0.1584572507622477,0.1500260748109002,0.8493333333333334,0.15066666666666662,16,4,4,3,1000,1500,0.11494520954412007,0.4684258567770211,0.7084472251108588,1.556277820242557
PPP1R3F,0.08820624878241358,0.156502287684505,0.7083333333333334,0.29166666666666663,16,4,4,3,1000,1500,0.11494520954412007,0.4684258567770211,0.7084472251108588,1.556277820242557
MRPS33,-0.6356320924352973,0.1570284044931249,0.0,0.0,16,4,4,3,1000,1500,0.11494520954412007,0.4684258567770211,0.7084472251108588,1.556277820242557
SMNDC1,0.18108801530696664,0.15456303997140775,0.8796666666666667,0.12033333333333329,16,4,4,3,1000,1500,0.11494520954412007,0.4684258567770211,0.7084472251108588,1.556277820242557
SNRNP70,0.11578263971871132,0.16080109309326368,0.7703333333333333,0.22966666666666669,16,4,4,3,1000,1500,0.11494520954412007,0.4684258567770211,0.7084472251108588,1.556277820242557
ASF1A,-0.6266879911912009,0.1540856656710707,0.0,0.0,16,4,4,3,1000,1500,0.11494520954412007,0.4684258567770211,0.7084472251108588,1.556277820242557
SUV39H1,0.07585020630775818,0.1526205718981747,0.6943333333333334,0.30566666666666664,16,4,4,3,1000,1500,0.11494520954412007,0.4684258567770211,0.7084472251108588,1.556277820242557
HSCB,-0.5676654322827313,0.15301011567535597,0.0003333333333333333,0.0003333333333333333,16,4,4,3,1000,1500,0.11494520954412007,0.4684258567770211,0.7084472251108588,1.556277820242557
SGMS1,-0.6500594917474826,0.15060478265793845,0.0,0.0,16,4,4,3,1000,1500,0.11494520954412007,0.4684258567770211,0.7084472251108588,1.556277820242557
FHOD3,-0.6106833538590651,0.1528383046925963,0.0,0.0,16,4,4,3,1000,1500,0.11494520954412007,0.4684258567770211,0.7084472251108588,1.556277820242557
ZC3H13,0.23700521293495436,0.1590255358697377,0.931,0.06899999999999995,16,4,4,3,1000,1500,0.11494520954412007,0.4684258567770211,0.7084472251108588,1.556277820242557
WAC,0.11391350781262821,0.15506848837206477,0.7576666666666667,0.2423333333333333,16,4,4,3,1000,1500,0.11494520954412007,0.4684258567770211,0.7084472251108588,1.556277820242557
AGPAT6,0.05968640736348419,0.15584117173474737,0.641,0.359,16,4,4,3,1000,1500,0.11494520954412007,0.4684258567770211,0.7084472251108588,1.556277820242557
DDX5,-0.5879848051708091,0.15415627294831202,0.0,0.0,16,4,4,3,1000,1500,0.11494520954412007,0.4684258567770211,0.7084472251108588,1.556277820242557
CTNNBL1,0.12462983087900174,0.1599821391233329,0.781,0.21899999999999997,16,4,4,3,1000,1500,0.11494520954412007,0.4684258567770211,0.7084472251108588,1.556277820242557
BUD13,0.06030124709317375,0.15162616620161884,0.661,0.33899999999999997,16,4,4,3,1000,1500,0.11494520954412007,0.4684258567770211,0.7084472251108588,1.556277820242557
POLG,0.07702595622858045,0.15694032438556063,0.6876666666666666,0.31233333333333335,16,4,4,3,1000,1500,0.11494520954412007,0.4684258567770211,0.7084472251108588,1.556277820242557
CC2D1A,-0.638586835036359,0.15197294098442618,0.0,0.0,16,4,4,3,1000,1500,0.11494520954412007,0.4684258567770211,0.7084472251108588,1.556277820242557
DYNLL1,-0.6059428015331072,0.15391115895038482,0.0003333333333333333,0.0003333333333333333,16,4,4,3,1000,1500,0.11494520954412007,0.4684258567770211,0.7084472251108588,1.556277820242557
PFDN6,0.1884092415504101,0.15398605260287768,0.8886666666666667,0.11133333333333328,16,4,4,3,1000,1500,0.11494520954412007,0.4684258567770211,0.7084472251108588,1.556277820242557
TOP1,0.15919672128466117,0.14759145769846638,0.8566666666666667,0.1433333333333333,16,4,4,3,1000,1500,0.11494520954412007,0.4684258567770211,0.7084472251108588,1.556277820242557
NFKBID,0.07946517151219534,0.1568396001110292,0.697,0.30300000000000005,16,4,4,3,1000,1500,0.11494520954412007,0.4684258567770211,0.7084472251108588,1.556277820242557
SOCS1,0.14073354032843452,0.15266011639478802,0.8213333333333334,0.17866666666666664,16,4,4,3,1000,1500,0.11494520954412007,0.4684258567770211,0.7084472251108588,1.556277820242557
OTUD5,-0.6143982530217039,0.15352622024196452,0.0,0.0,16,4,4,3,1000,1500,0.11494520954412007,0.4684258567770211,0.7084472251108588,1.556277820242557
ANP32E,0.08901956237887206,0.15080062689931115,0.7273333333333334,0.2726666666666666,16,4,4,3,1000,1500,0.11494520954412007,0.4684258567770211,0.7084472251108588,1.556277820242557
KMT2A,0.07880921881446432,0.1488301220939847,0.7046666666666667,0.29533333333333334,16,4,4,3,1000,1500,0.11494520954412007,0.4684258567770211,0.7084472251108588,1.556277820242557
BTBD8,-0.6184434543801829,0.1584323146121157,0.0003333333333333333,0.0003333333333333333,16,4,4,3,1000,1500,0.11494520954412007,0.4684258567770211,0.7084472251108588,1.556277820242557
AUP1,-0.6119218398911116,0.1531480512765155,0.0003333333333333333,0.0003333333333333333,16,4,4,3,1000,1500,0.11494520954412007,0.4684258567770211,0.7084472251108588,1.556277820242557
OLA1,-0.5842789615416492,0.15738188359756455,0.0,0.0,16,4,4,3,1000,1500,0.11494520954412007,0.4684258567770211,0.7084472251108588,1.556277820242557
DPM3,0.0886464122758331,0.15218444586016236,0.7253333333333334,0.2746666666666666,16,4,4,3,1000,1500,0.11494520954412007,0.4684258567770211,0.7084472251108588,1.556277820242557
SSRP1,0.10794174436056123,0.15398054636188885,0.7543333333333333,0.2456666666666667,16,4,4,3,1000,1500,0.11494520954412007,0.4684258567770211,0.7084472251108588,1.556277820242557
CCAR1,0.11025455549639425,0.15437261566640542,0.766,0.23399999999999999,16,4,4,3,1000,1500,0.11494520954412007,0.4684258567770211,0.7084472251108588,1.556277820242557
FAM180A,-0.5926194010312218,0.15656669153704256,0.0,0.0,16,4,4,3,1000,1500,0.11494520954412007,0.4684258567770211,0.7084472251108588,1.556277820242557
HNRNPF,-0.5696811284958601,0.1514384717297893,0.0,0.0,16,4,4,3,1000,1500,0.11494520954412007,0.4684258567770211,0.7084472251108588,1.556277820242557
PUM1,0.14766682483029908,0.15783254113526923,0.825,0.17500000000000004,16,4,4,3,1000,1500,0.11494520954412007,0.4684258567770211,0.7084472251108588,1.556277820242557
CCDC130,0.13478487941134865,0.15628043523186166,0.8063333333333333,0.19366666666666665,16,4,4,3,1000,1500,0.11494520954412007,0.4684258567770211,0.7084472251108588,1.556277820242557
ALX1,-0.5909596374631421,0.15338028431531797,0.0,0.0,16,4,4,3,1000,1500,0.11494520954412007,0.4684258567770211,0.7084472251108588,1.556277820242557
LYPLA2,-0.5420620374515305,0.14892195253606605,0.0,0.0,16,4,4,3,1000,1500,0.11494520954412007,0.4684258567770211,0.7084472251108588,1.556277820242557
DRAXIN,-0.5538194767508051,0.1509173814023639,0.0003333333333333333,0.0003333333333333333,16,4,4,3,1000,1500,0.11494520954412007,0.4684258567770211,0.7084472251108588,1.556277820242557
MTA2,-0.5815088849333817,0.15623638372634302,0.0,0.0,16,4,4,3,1000,1500,0.11494520954412007,0.4684258567770211,0.7084472251108588,1.556277820242557
RBM33,0.1416315868956468,0.16005619575797872,0.8136666666666666,0.18633333333333335,16,4,4,3,1000,1500,0.11494520954412007,0.4684258567770211,0.7084472251108588,1.556277820242557
RAB5A,-0.5344258593577597,0.15251544199052397,0.0006666666666666666,0.0006666666666666666,16,4,4,3,1000,1500,0.11494520954412007,0.4684258567770211,0.7084472251108588,1.556277820242557
KRT4,-0.6094658268697368,0.15597064433771815,0.0,0.0,16,4,4,3,1000,1500,0.11494520954412007,0.4684258567770211,0.7084472251108588,1.556277820242557
ARL6IP6,-0.5562649197162486,0.15544263274250586,0.0,0.0,16,4,4,3,1000,1500,0.11494520954412007,0.4684258567770211,0.7084472251108588,1.556277820242557
GPI,0.004933210377828344,0.15289251888165672,0.5026666666666667,0.4973333333333333,16,4,4,3,1000,1500,0.11494520954412007,0.4684258567770211,0.7084472251108588,1.556277820242557
BTBD16,-0.5550611926833261,0.15303538570706493,0.0,0.0,16,4,4,3,1000,1500,0.11494520954412007,0.4684258567770211,0.7084472251108588,1.556277820242557
VRK1,0.029616370758063722,0.15595049997961768,0.58,0.42000000000000004,16,4,4,3,1000,1500,0.11494520954412007,0.4684258567770211,0.7084472251108588,1.556277820242557
NUTM1,-0.5137623485538926,0.1491750033788545,0.0003333333333333333,0.0003333333333333333,16,4,4,3,1000,1500,0.11494520954412007,0.4684258567770211,0.7084472251108588,1.556277820242557
CXorf56,0.054329993833417585,0.14991827306411554,0.6333333333333333,0.3666666666666667,16,4,4,3,1000,1500,0.11494520954412007,0.4684258567770211,0.7084472251108588,1.556277820242557
RAC2,-0.6036141714652613,0.15361173846066728,0.0,0.0,16,4,4,3,1000,1500,0.11494520954412007,0.4684258567770211,0.7084472251108588,1.556277820242557
SRRD,-0.5537982877046284,0.15753117608323589,0.0006666666666666666,0.0006666666666666666,16,4,4,3,1000,1500,0.11494520954412007,0.4684258567770211,0.7084472251108588,1.556277820242557
RBM3,-0.47638103910359175,0.15131527920138735,0.0003333333333333333,0.0003333333333333333,16,4,4,3,1000,1500,0.11494520954412007,0.4684258567770211,0.7084472251108588,1.556277820242557
USP48,0.010627261055864505,0.15540807134512719,0.5266666666666666,0.4733333333333334,16,4,4,3,1000,1500,0.11494520954412007,0.4684258567770211,0.7084472251108588,1.556277820242557
KANSL2,-0.0030394927435861336,0.15350880525603422,0.487,0.487,16,4,4,3,1000,1500,0.11494520954412007,0.4684258567770211,0.7084472251108588,1.556277820242557
GADD45B,0.06118077625244851,0.1543902268401281,0.6586666666666666,0.3413333333333334,16,4,4,3,1000,1500,0.11494520954412007,0.4684258567770211,0.7084472251108588,1.556277820242557
DCAF15,-0.536389873107634,0.15148947311679917,0.0,0.0,16,4,4,3,1000,1500,0.11494520954412007,0.4684258567770211,0.7084472251108588,1.556277820242557
ZNF707,0.0005432600459746552,0.15161876339612468,0.5013333333333333,0.4986666666666667,16,4,4,3,1000,1500,0.11494520954412007,0.4684258567770211,0.7084472251108588,1.556277820242557
KDM1A,0.06667056792422704,0.1582214680819543,0.6663333333333333,0.33366666666666667,16,4,4,3,1000,1500,0.11494520954412007,0.4684258567770211,0.7084472251108588,1.556277820242557
SLC25A6,-0.5355380615484439,0.15354431772050034,0.0003333333333333333,0.0003333333333333333,16,4,4,3,1000,1500,0.11494520954412007,0.4684258567770211,0.7084472251108588,1.556277820242557
EDRF1,-0.6501360403616684,0.15496567813433135,0.0,0.0,16,4,4,3,1000,1500,0.11494520954412007,0.4684258567770211,0.7084472251108588,1.556277820242557
PCBP1,0.09761610442238355,0.16153346546015968,0.7186666666666667,0.2813333333333333,16,4,4,3,1000,1500,0.11494520954412007,0.4684258567770211,0.7084472251108588,1.556277820242557
NUP188,-0.0017397451003024508,0.15708940929028292,0.49933333333333335,0.49933333333333335,16,4,4,3,1000,1500,0.11494520954412007,0.4684258567770211,0.7084472251108588,1.556277820242557
TUSC5,-0.5796768001645712,0.15033757747907114,0.0,0.0,16,4,4,3,1000,1500,0.11494520954412007,0.4684258567770211,0.7084472251108588,1.556277820242557
MOB3C,-0.5898469221584438,0.1574539729298889,0.0003333333333333333,0.0003333333333333333,16,4,4,3,1000,1500,0.11494520954412007,0.4684258567770211,0.7084472251108588,1.556277820242557
TFRC,0.1521657439165738,0.15485292365234835,0.836,0.16400000000000003,16,4,4,3,1000,1500,0.11494520954412007,0.4684258567770211,0.7084472251108588,1.556277820242557
DRAP1,-0.533290985220478,0.1502934122189461,0.0,0.0,16,4,4,3,1000,1500,0.11494520954412007,0.4684258567770211,0.7084472251108588,1.556277820242557
HTR1D,-0.5331153857963069,0.15460807854425876,0.0,0.0,16,4,4,3,1000,1500,0.11494520954412007,0.4684258567770211,0.7084472251108588,1.556277820242557
APBB2,-0.5492531023108186,0.15751507268073786,0.0006666666666666666,0.0006666666666666666,16,4,4,3,1000,1500,0.11494520954412007,0.4684258567770211,0.7084472251108588,1.556277820242557
SPCS2,0.06706918954041503,0.15460988172498066,0.6676666666666666,0.33233333333333337,16,4,4,3,1000,1500,0.11494520954412007,0.4684258567770211,0.7084472251108588,1.556277820242557
ITGA6,-0.5242726484025798,0.15167484058359032,0.0006666666666666666,0.0006666666666666666,16,4,4,3,1000,1500,0.11494520954412007,0.4684258567770211,0.7084472251108588,1.556277820242557
POU2F2,0.0644617371167803,0.15604378017050097,0.648,0.352,16,4,4,3,1000,1500,0.11494520954412007,0.4684258567770211,0.7084472251108588,1.556277820242557
UCN2,-0.496921310741936,0.14879456403232366,0.001,0.001,16,4,4,3,1000,1500,0.11494520954412007,0.4684258567770211,0.7084472251108588,1.556277820242557
SIVA1,-0.4897627157958295,0.14697151608159537,0.0003333333333333333,0.0003333333333333333,16,4,4,3,1000,1500,0.11494520954412007,0.4684258567770211,0.7084472251108588,1.556277820242557
ZNF26,-0.6146895809438995,0.16204498026436343,0.0003333333333333333,0.0003333333333333333,16,4,4,3,1000,1500,0.11494520954412007,0.4684258567770211,0.7084472251108588,1.556277820242557
UBE2H,-0.527266278638904,0.1538768016712877,0.0,0.0,16,4,4,3,1000,1500,0.11494520954412007,0.4684258567770211,0.7084472251108588,1.556277820242557
PEX1,-0.5895305051212529,0.15677452671993494,0.0,0.0,16,4,4,3,1000,1500,0.11494520954412007,0.4684258567770211,0.7084472251108588,1.556277820242557
SPTY2D1,-0.5080052256162861,0.15774111149127942,0.001,0.001,16,4,4,3,1000,1500,0.11494520954412007,0.4684258567770211,0.7084472251108588,1.556277820242557
